{
	"credit": "Made with Blockbench",
	"textures": {
		"0": "lunareclipse.architect:item/decorations/props/book",
		"particle": "lunareclipse.architect:item/decorations/props/book"
	},
	"elements": [
		{
			"from": [7, 0, 3],
			"to": [9, 0, 13],
			"rotation": {"angle": 0, "axis": "z", "origin": [3, 8, 7]},
			"faces": {
				"east": {"uv": [0, 0, 0, 2.5], "rotation": 90, "texture": "#0"},
				"south": {"uv": [0, 0, 0, 0.5], "rotation": 90, "texture": "#0"},
				"west": {"uv": [0, 0, 0, 2.5], "rotation": 90, "texture": "#0"},
				"up": {"uv": [3.75, 0, 4.25, 2.5], "rotation": 180, "texture": "#0"},
				"down": {"uv": [3.75, 0, 4.25, 2.5], "rotation": 180, "texture": "#0"}
			}
		},
		{
			"from": [1, 0, 3],
			"to": [7, 0, 13],
			"rotation": {"angle": 0, "axis": "y", "origin": [3, 8, 7]},
			"faces": {
				"east": {"uv": [0, 0, 2.5, 0], "texture": "#0"},
				"south": {"uv": [0, 0, 1.5, 0], "texture": "#0"},
				"west": {"uv": [0, 0, 2.5, 0], "texture": "#0"},
				"up": {"uv": [2.25, 0, 3.75, 2.5], "texture": "#0"},
				"down": {"uv": [3.75, 0, 2.25, 2.5], "rotation": 180, "texture": "#0"}
			}
		},
		{
			"from": [9, 0, 3],
			"to": [15, 0, 13],
			"rotation": {"angle": 0, "axis": "z", "origin": [3, 8, 7]},
			"faces": {
				"east": {"uv": [0, 0, 2.5, 0], "rotation": 180, "texture": "#0"},
				"south": {"uv": [0, 0, 1.5, 0], "rotation": 180, "texture": "#0"},
				"west": {"uv": [0, 0, 2.5, 0], "rotation": 180, "texture": "#0"},
				"up": {"uv": [2.25, 0, 3.75, 2.5], "rotation": 180, "texture": "#0"},
				"down": {"uv": [2.25, 0, 3.75, 2.5], "rotation": 180, "texture": "#0"}
			}
		},
		{
			"from": [8, 0.01, 4],
			"to": [13, 1.01, 12],
			"rotation": {"angle": 0, "axis": "z", "origin": [4, 8, 8]},
			"faces": {
				"north": {"uv": [3.75, 5.5, 5, 5.75], "texture": "#0"},
				"east": {"uv": [3.75, 5.5, 5, 5.75], "texture": "#0"},
				"south": {"uv": [3.75, 5.5, 5, 5.75], "texture": "#0"},
				"west": {"uv": [1.5, 0.25, 1.75, 2.25], "rotation": 270, "texture": "#0"},
				"up": {"uv": [0.25, 5.75, 1.5, 7.75], "rotation": 180, "texture": "#0"},
				"down": {"uv": [0.25, 0.25, 1.5, 2.25], "rotation": 180, "texture": "#0"}
			}
		},
		{
			"from": [3, 0.01, 4],
			"to": [8, 1.01, 12],
			"rotation": {"angle": 0, "axis": "y", "origin": [4, 8, 8]},
			"faces": {
				"north": {"uv": [3.75, 5.5, 5, 5.75], "texture": "#0"},
				"east": {"uv": [1.75, 0.25, 2, 2.25], "rotation": 90, "texture": "#0"},
				"south": {"uv": [3.75, 5.5, 5, 5.75], "texture": "#0"},
				"west": {"uv": [3.75, 5.5, 5, 5.75], "texture": "#0"},
				"up": {"uv": [1.75, 5.75, 3, 7.75], "texture": "#0"},
				"down": {"uv": [0.25, 0.25, 1.5, 2.25], "texture": "#0"}
			}
		},
		{
			"from": [3, 1.01, 4],
			"to": [8, 1.01, 12],
			"rotation": {"angle": -22.5, "axis": "z", "origin": [8, 0.99565, 7.99212]},
			"faces": {
				"up": {"uv": [0.5, 5.75, 1.75, 7.75], "texture": "#0"},
				"down": {"uv": [0.5, 5.75, 1.75, 7.75], "texture": "#0"}
			}
		},
		{
			"from": [8, 1.01, 4],
			"to": [13, 1.01, 12],
			"rotation": {"angle": 22.5, "axis": "z", "origin": [8, 0.99565, 7.99212]},
			"faces": {
				"up": {"uv": [4.75, 7.75, 6, 5.75], "rotation": 180, "texture": "#0"},
				"down": {"uv": [4.75, 7.75, 6, 5.75], "rotation": 180, "texture": "#0"}
			}
		}
	],
	"display": {
		"thirdperson_righthand": {
			"rotation": [55, -14, 0],
			"translation": [1, 6.75, 5]
		},
		"thirdperson_lefthand": {
			"rotation": [55, -14, 0],
			"translation": [1, 6.75, 5]
		},
		"firstperson_righthand": {
			"rotation": [34, 10, 28],
			"translation": [-2, 5.75, 6.5]
		},
		"firstperson_lefthand": {
			"rotation": [34, 10, 28],
			"translation": [-2, 5.75, 6.5]
		},
		"ground": {
			"translation": [0, 3.5, 0],
			"scale": [0.6, 0.6, 0.6]
		},
		"gui": {
			"rotation": [122, 0, 42],
			"translation": [-5.25, -3, 0]
		},
		"head": {
			"translation": [0, 19.26, 0],
			"scale": [1.6, 1.6, 1.6]
		},
		"fixed": {
			"rotation": [-90, 0, 0],
			"translation": [0, 0, -16.01],
			"scale": [2, 2, 2]
		}
	},
	"groups": [
		{
			"name": "group",
			"origin": [8, 8, 8],
			"children": [0, 1, 2, 3, 4, 5, 6]
		}
	]
}