{
    "providers": [
        {
            "ascent": -32768,
            "chars": [
                "\uBC01"
            ],
            "file": "lunareclipse.architect:font/pixel_nosplit.png",
            "height": -10,
            "type": "bitmap"
        },
        {
            "ascent": -32768,
            "chars": [
                "\uBC02"
            ],
            "file": "lunareclipse.architect:font/pixel_nosplit.png",
            "height": -176,
            "type": "bitmap"
        },
        {
            "ascent": 42,
            "chars": [
                "\uBA01"
            ],
            "file": "lunareclipse.architect:font/gui/toolbox.png",
            "height": 154,
            "type": "bitmap"
        }
    ]
}
