{
	"credit": "Made with Blockbench",
	"textures": {
		"0": "lunareclipse.architect:item/decorations/props/sack/sack",
		"1": "lunareclipse.architect:item/decorations/props/sack/sack_flaps",
		"particle": "lunareclipse.architect:item/decorations/props/sack/sack"
	},
	"elements": [
		{
			"from": [11, 0, 5],
			"to": [23, 13, 17],
			"rotation": {"angle": -22.5, "axis": "y", "origin": [17, 14, 11]},
			"faces": {
				"north": {"uv": [3, 0, 6, 3.25], "texture": "#0"},
				"east": {"uv": [3, 0, 6, 3.25], "texture": "#0"},
				"south": {"uv": [0, 0, 3, 3.25], "texture": "#0"},
				"west": {"uv": [0, 0, 3, 3.25], "texture": "#0"},
				"up": {"uv": [9, 3, 6, 0], "rotation": 270, "texture": "#0"},
				"down": {"uv": [9, 3, 6, 6], "rotation": 90, "texture": "#0"}
			}
		},
		{
			"from": [17, 13, 8],
			"to": [17, 19, 14],
			"rotation": {"angle": -22.5, "axis": "y", "origin": [17, 13, 11]},
			"faces": {
				"north": {"uv": [0, 0, 0, 6], "texture": "#1"},
				"east": {"uv": [12, 0, 6, 6], "texture": "#1"},
				"south": {"uv": [0, 0, 0, 6], "texture": "#1"},
				"west": {"uv": [6, 0, 12, 6], "texture": "#1"},
				"up": {"uv": [6, 0, 0, 0], "rotation": 270, "texture": "#1"},
				"down": {"uv": [6, 0, 0, 0], "rotation": 90, "texture": "#1"}
			}
		},
		{
			"from": [17, 13, 8],
			"to": [17, 19, 14],
			"rotation": {"angle": -22.5, "axis": "y", "origin": [17, 13, 11]},
			"faces": {
				"north": {"uv": [0, 0, 0, 6], "texture": "#1"},
				"east": {"uv": [12, 0, 6, 6], "texture": "#1"},
				"south": {"uv": [0, 0, 0, 6], "texture": "#1"},
				"west": {"uv": [6, 0, 12, 6], "texture": "#1"},
				"up": {"uv": [6, 0, 0, 0], "rotation": 270, "texture": "#1"},
				"down": {"uv": [6, 0, 0, 0], "rotation": 90, "texture": "#1"}
			}
		},
		{
			"from": [14, 13, 11],
			"to": [20, 19, 11],
			"rotation": {"angle": -22.5, "axis": "y", "origin": [17, 13, 11]},
			"faces": {
				"north": {"uv": [12, 0, 6, 6], "texture": "#1"},
				"east": {"uv": [0, 0, 0, 6], "texture": "#1"},
				"south": {"uv": [6, 0, 12, 6], "texture": "#1"},
				"west": {"uv": [0, 0, 0, 6], "texture": "#1"},
				"up": {"uv": [0, 6, 0, 0], "rotation": 270, "texture": "#1"},
				"down": {"uv": [0, 0, 0, 6], "rotation": 90, "texture": "#1"}
			}
		},
		{
			"from": [16, 13, 9],
			"to": [16, 14, 13],
			"rotation": {"angle": 22.5, "axis": "y", "origin": [17, 14, 11]},
			"faces": {
				"north": {"uv": [0, 0, 0, 1], "texture": "#missing"},
				"east": {"uv": [4, 13, 8, 14], "texture": "#1"},
				"south": {"uv": [0, 0, 0, 1], "texture": "#missing"},
				"west": {"uv": [4, 13, 8, 14], "texture": "#1"},
				"up": {"uv": [0, 0, 4, 0], "rotation": 270, "texture": "#missing"},
				"down": {"uv": [0, 0, 4, 0], "rotation": 90, "texture": "#missing"}
			}
		},
		{
			"from": [15, 13, 10],
			"to": [19, 14, 10],
			"rotation": {"angle": 22.5, "axis": "y", "origin": [17, 14, 11]},
			"faces": {
				"north": {"uv": [4, 13, 8, 14], "texture": "#1"},
				"east": {"uv": [0, 0, 0, 1], "texture": "#missing"},
				"south": {"uv": [4, 13, 8, 14], "texture": "#1"},
				"west": {"uv": [0, 0, 0, 1], "texture": "#missing"},
				"up": {"uv": [0, 0, 4, 0], "texture": "#missing"},
				"down": {"uv": [0, 0, 4, 0], "texture": "#missing"}
			}
		},
		{
			"from": [18, 13, 9],
			"to": [18, 14, 13],
			"rotation": {"angle": 22.5, "axis": "y", "origin": [17, 14, 11]},
			"faces": {
				"north": {"uv": [0, 0, 0, 1], "texture": "#missing"},
				"east": {"uv": [4, 13, 8, 14], "texture": "#1"},
				"south": {"uv": [0, 0, 0, 1], "texture": "#missing"},
				"west": {"uv": [4, 13, 8, 14], "texture": "#1"},
				"up": {"uv": [0, 0, 4, 0], "rotation": 90, "texture": "#missing"},
				"down": {"uv": [0, 0, 4, 0], "rotation": 270, "texture": "#missing"}
			}
		},
		{
			"from": [15, 13, 12],
			"to": [19, 14, 12],
			"rotation": {"angle": 22.5, "axis": "y", "origin": [17, 14, 11]},
			"faces": {
				"north": {"uv": [4, 13, 8, 14], "texture": "#1"},
				"east": {"uv": [0, 0, 0, 1], "texture": "#missing"},
				"south": {"uv": [4, 13, 8, 14], "texture": "#1"},
				"west": {"uv": [0, 0, 0, 1], "texture": "#missing"},
				"up": {"uv": [0, 0, 4, 0], "rotation": 180, "texture": "#missing"},
				"down": {"uv": [0, 0, 4, 0], "rotation": 180, "texture": "#missing"}
			}
		},
		{
			"from": [-3, 0, -6],
			"to": [9, 13, 6],
			"rotation": {"angle": 22.5, "axis": "y", "origin": [3, 14, 0]},
			"faces": {
				"north": {"uv": [3, 0, 6, 3.25], "texture": "#0"},
				"east": {"uv": [3, 0, 6, 3.25], "texture": "#0"},
				"south": {"uv": [0, 0, 3, 3.25], "texture": "#0"},
				"west": {"uv": [0, 0, 3, 3.25], "texture": "#0"},
				"up": {"uv": [9, 3, 6, 0], "rotation": 270, "texture": "#0"},
				"down": {"uv": [9, 3, 6, 6], "rotation": 90, "texture": "#0"}
			}
		},
		{
			"from": [3, 13, -3],
			"to": [3, 19, 3],
			"rotation": {"angle": 22.5, "axis": "y", "origin": [3, 13, 0]},
			"faces": {
				"north": {"uv": [0, 0, 0, 6], "texture": "#1"},
				"east": {"uv": [12, 0, 6, 6], "texture": "#1"},
				"south": {"uv": [0, 0, 0, 6], "texture": "#1"},
				"west": {"uv": [6, 0, 12, 6], "texture": "#1"},
				"up": {"uv": [6, 0, 0, 0], "rotation": 270, "texture": "#1"},
				"down": {"uv": [6, 0, 0, 0], "rotation": 90, "texture": "#1"}
			}
		},
		{
			"from": [3, 13, -3],
			"to": [3, 19, 3],
			"rotation": {"angle": 22.5, "axis": "y", "origin": [3, 13, 0]},
			"faces": {
				"north": {"uv": [0, 0, 0, 6], "texture": "#1"},
				"east": {"uv": [12, 0, 6, 6], "texture": "#1"},
				"south": {"uv": [0, 0, 0, 6], "texture": "#1"},
				"west": {"uv": [6, 0, 12, 6], "texture": "#1"},
				"up": {"uv": [6, 0, 0, 0], "rotation": 270, "texture": "#1"},
				"down": {"uv": [6, 0, 0, 0], "rotation": 90, "texture": "#1"}
			}
		},
		{
			"from": [0, 13, 0],
			"to": [6, 19, 0],
			"rotation": {"angle": 22.5, "axis": "y", "origin": [3, 13, 0]},
			"faces": {
				"north": {"uv": [12, 0, 6, 6], "texture": "#1"},
				"east": {"uv": [0, 0, 0, 6], "texture": "#1"},
				"south": {"uv": [6, 0, 12, 6], "texture": "#1"},
				"west": {"uv": [0, 0, 0, 6], "texture": "#1"},
				"up": {"uv": [0, 6, 0, 0], "rotation": 270, "texture": "#1"},
				"down": {"uv": [0, 0, 0, 6], "rotation": 90, "texture": "#1"}
			}
		},
		{
			"from": [1, 13, 1],
			"to": [5, 14, 1],
			"rotation": {"angle": -22.5, "axis": "y", "origin": [3, 14, 0]},
			"faces": {
				"north": {"uv": [4, 13, 8, 14], "texture": "#1"},
				"east": {"uv": [0, 0, 0, 1], "texture": "#missing"},
				"south": {"uv": [4, 13, 8, 14], "texture": "#1"},
				"west": {"uv": [0, 0, 0, 1], "texture": "#missing"},
				"up": {"uv": [0, 0, 4, 0], "rotation": 180, "texture": "#missing"},
				"down": {"uv": [0, 0, 4, 0], "rotation": 180, "texture": "#missing"}
			}
		},
		{
			"from": [2, 13, -2],
			"to": [2, 14, 2],
			"rotation": {"angle": -22.5, "axis": "y", "origin": [3, 14, 0]},
			"faces": {
				"north": {"uv": [0, 0, 0, 1], "texture": "#missing"},
				"east": {"uv": [4, 13, 8, 14], "texture": "#1"},
				"south": {"uv": [0, 0, 0, 1], "texture": "#missing"},
				"west": {"uv": [4, 13, 8, 14], "texture": "#1"},
				"up": {"uv": [0, 0, 4, 0], "rotation": 270, "texture": "#missing"},
				"down": {"uv": [0, 0, 4, 0], "rotation": 90, "texture": "#missing"}
			}
		},
		{
			"from": [1, 13, -1],
			"to": [5, 14, -1],
			"rotation": {"angle": -22.5, "axis": "y", "origin": [3, 14, 0]},
			"faces": {
				"north": {"uv": [4, 13, 8, 14], "texture": "#1"},
				"east": {"uv": [0, 0, 0, 1], "texture": "#missing"},
				"south": {"uv": [4, 13, 8, 14], "texture": "#1"},
				"west": {"uv": [0, 0, 0, 1], "texture": "#missing"},
				"up": {"uv": [0, 0, 4, 0], "texture": "#missing"},
				"down": {"uv": [0, 0, 4, 0], "texture": "#missing"}
			}
		},
		{
			"from": [4, 13, -2],
			"to": [4, 14, 2],
			"rotation": {"angle": -22.5, "axis": "y", "origin": [3, 14, 0]},
			"faces": {
				"north": {"uv": [0, 0, 0, 1], "texture": "#missing"},
				"east": {"uv": [4, 13, 8, 14], "texture": "#1"},
				"south": {"uv": [0, 0, 0, 1], "texture": "#missing"},
				"west": {"uv": [4, 13, 8, 14], "texture": "#1"},
				"up": {"uv": [0, 0, 4, 0], "rotation": 90, "texture": "#missing"},
				"down": {"uv": [0, 0, 4, 0], "rotation": 270, "texture": "#missing"}
			}
		}
	],
	"display": {
		"thirdperson_righthand": {
			"rotation": [75, 45, 0],
			"translation": [0, 2.5, 0],
			"scale": [0.375, 0.375, 0.375]
		},
		"thirdperson_lefthand": {
			"rotation": [75, 45, 0],
			"translation": [0, 2.5, 0],
			"scale": [0.375, 0.375, 0.375]
		},
		"firstperson_righthand": {
			"rotation": [0, 45, 0],
			"scale": [0.4, 0.4, 0.4]
		},
		"firstperson_lefthand": {
			"rotation": [0, 45, 0],
			"scale": [0.4, 0.4, 0.4]
		},
		"ground": {
			"translation": [0, 3, 0],
			"scale": [0.25, 0.25, 0.25]
		},
		"gui": {
			"rotation": [30, 225, 0],
			"translation": [0, 1.75, 0],
			"scale": [0.625, 0.625, 0.625]
		},
		"fixed": {
			"rotation": [-90, 0, 0],
			"translation": [0, 0, -16],
			"scale": [2, 2, 2]
		}
	},
	"groups": [
		{
			"name": "group",
			"origin": [8, 8, 8],
			"color": 0,
			"children": [0, 1, 2, 3, 4, 5, 6, 7]
		},
		{
			"name": "group",
			"origin": [8, 8, 8],
			"color": 0,
			"children": [8, 9, 10, 11, 12, 13, 14, 15]
		}
	]
}