{
	"credit": "Made with Blockbench",
	"textures": {
		"0": "lunareclipse.architect:item/decorations/nature/logs",
		"particle": "lunareclipse.architect:item/decorations/nature/logs"
	},
	"elements": [
		{
			"from": [6, 0, -8],
			"to": [10, 4, 24],
			"faces": {
				"north": {"uv": [0, 2, 2, 4], "texture": "#0"},
				"east": {"uv": [16, 2, 0, 0], "texture": "#0"},
				"south": {"uv": [0, 2, 2, 4], "texture": "#0"},
				"west": {"uv": [0, 0, 16, 2], "texture": "#0"},
				"up": {"uv": [0, 2, 16, 0], "rotation": 90, "texture": "#0"},
				"down": {"uv": [16, 0, 0, 2], "rotation": 90, "texture": "#0"}
			}
		},
		{
			"from": [6, 4, -8],
			"to": [10, 8, 24],
			"faces": {
				"north": {"uv": [0, 2, 2, 4], "texture": "#0"},
				"east": {"uv": [16, 2, 0, 0], "texture": "#0"},
				"south": {"uv": [0, 2, 2, 4], "texture": "#0"},
				"west": {"uv": [0, 0, 16, 2], "texture": "#0"},
				"up": {"uv": [0, 2, 16, 0], "rotation": 90, "texture": "#0"},
				"down": {"uv": [16, 0, 0, 2], "rotation": 90, "texture": "#0"}
			}
		},
		{
			"from": [-13, 4, 1],
			"to": [19, 8, 5],
			"rotation": {"angle": 22.5, "axis": "z", "origin": [0, 0, 0]},
			"faces": {
				"north": {"uv": [0, 0, 16, 2], "texture": "#0"},
				"east": {"uv": [0, 2, 2, 4], "texture": "#0"},
				"south": {"uv": [16, 2, 0, 0], "texture": "#0"},
				"west": {"uv": [0, 2, 2, 4], "texture": "#0"},
				"up": {"uv": [0, 2, 16, 0], "rotation": 180, "texture": "#0"},
				"down": {"uv": [16, 0, 0, 2], "texture": "#0"}
			}
		},
		{
			"from": [-1, 11, 12],
			"to": [31, 15, 16],
			"rotation": {"angle": -22.5, "axis": "z", "origin": [0, 0, 0]},
			"faces": {
				"north": {"uv": [0, 0, 16, 2], "texture": "#0"},
				"east": {"uv": [0, 2, 2, 4], "texture": "#0"},
				"south": {"uv": [16, 2, 0, 0], "texture": "#0"},
				"west": {"uv": [0, 2, 2, 4], "texture": "#0"},
				"up": {"uv": [0, 2, 16, 0], "rotation": 180, "texture": "#0"},
				"down": {"uv": [16, 0, 0, 2], "texture": "#0"}
			}
		},
		{
			"from": [10.3, 0, -8],
			"to": [14.3, 4, 24],
			"faces": {
				"north": {"uv": [0, 2, 2, 4], "texture": "#0"},
				"east": {"uv": [16, 2, 0, 0], "texture": "#0"},
				"south": {"uv": [0, 2, 2, 4], "texture": "#0"},
				"west": {"uv": [0, 0, 16, 2], "texture": "#0"},
				"up": {"uv": [0, 2, 16, 0], "rotation": 90, "texture": "#0"},
				"down": {"uv": [16, 0, 0, 2], "rotation": 90, "texture": "#0"}
			}
		},
		{
			"from": [1.7, 0, -8],
			"to": [5.7, 4, 24],
			"faces": {
				"north": {"uv": [0, 2, 2, 4], "texture": "#0"},
				"east": {"uv": [16, 2, 0, 0], "texture": "#0"},
				"south": {"uv": [0, 2, 2, 4], "texture": "#0"},
				"west": {"uv": [0, 0, 16, 2], "texture": "#0"},
				"up": {"uv": [0, 2, 16, 0], "rotation": 90, "texture": "#0"},
				"down": {"uv": [16, 0, 0, 2], "rotation": 90, "texture": "#0"}
			}
		}
	],
	"display": {
		"gui": {
			"rotation": [32, -35.5, 0],
			"translation": [-0.5, 1.75, 0],
			"scale": [0.45, 0.45, 0.45]
		},
		"fixed": {
			"rotation": [-90, 0, 0],
			"translation": [0, 0, -16],
			"scale": [2, 2, 2]
		}
	}
}