{
	"credit": "Made with Blockbench",
	"texture_size": [64, 64],
	"textures": {
		"0": "lunareclipse.architect:item/decorations/props/wheelbarrow",
		"particle": "lunareclipse.architect:item/decorations/props/wheelbarrow"
	},
	"elements": [
		{
			"from": [14, 0.1, 1],
			"to": [14, 12.1, 13],
			"rotation": {"angle": 0, "axis": "y", "origin": [0, 0.1, 0]},
			"faces": {
				"north": {"uv": [0, 3, 3, 6], "texture": "#0"},
				"east": {"uv": [6, 3, 3, 6], "texture": "#0"},
				"south": {"uv": [13, 7, 16, 10], "texture": "#0"},
				"west": {"uv": [3, 3, 6, 6], "texture": "#0"},
				"up": {"uv": [3, 9, 0, 6], "texture": "#0"},
				"down": {"uv": [9, 0, 6, 3], "texture": "#0"}
			}
		},
		{
			"from": [2, 0.1, 1],
			"to": [2, 12.1, 13],
			"rotation": {"angle": 0, "axis": "y", "origin": [0, 0.1, 0]},
			"faces": {
				"north": {"uv": [0, 3, 3, 6], "texture": "#0"},
				"east": {"uv": [6, 3, 3, 6], "texture": "#0"},
				"south": {"uv": [13, 7, 16, 10], "texture": "#0"},
				"west": {"uv": [3, 3, 6, 6], "texture": "#0"},
				"up": {"uv": [3, 9, 0, 6], "texture": "#0"},
				"down": {"uv": [9, 0, 6, 3], "texture": "#0"}
			}
		},
		{
			"from": [2, 0.1, 13],
			"to": [14, 12.1, 13],
			"rotation": {"angle": 0, "axis": "y", "origin": [0, 0.1, 0]},
			"faces": {
				"north": {"uv": [13, 7, 16, 10], "texture": "#0"},
				"east": {"uv": [6, 3, 3, 6], "texture": "#0"},
				"south": {"uv": [13, 7, 16, 10], "texture": "#0"},
				"west": {"uv": [13, 7, 16, 10], "texture": "#0"},
				"up": {"uv": [3, 9, 0, 6], "texture": "#0"},
				"down": {"uv": [9, 0, 6, 3], "texture": "#0"}
			}
		},
		{
			"from": [2, 0.1, 1],
			"to": [14, 0.1, 13],
			"rotation": {"angle": 0, "axis": "y", "origin": [0, 0.1, 0]},
			"faces": {
				"north": {"uv": [13, 7, 16, 10], "texture": "#0"},
				"east": {"uv": [6, 3, 3, 6], "texture": "#0"},
				"south": {"uv": [13, 7, 16, 10], "texture": "#0"},
				"west": {"uv": [13, 7, 16, 10], "texture": "#0"},
				"up": {"uv": [3, 0, 0, 3], "texture": "#0"},
				"down": {"uv": [3, 3, 0, 0], "texture": "#0"}
			}
		},
		{
			"from": [2, 2.1, 1],
			"to": [14, 12.1, 13],
			"rotation": {"angle": 0, "axis": "y", "origin": [0, 0.1, 0]},
			"faces": {
				"north": {"uv": [0, 13, 3, 16], "texture": "#0"},
				"east": {"uv": [3, 13, 0, 16], "texture": "#0"},
				"south": {"uv": [0, 13, 3, 16], "texture": "#0"},
				"west": {"uv": [0, 13, 3, 16], "texture": "#0"},
				"up": {"uv": [3, 9, 0, 6], "texture": "#0"},
				"down": {"uv": [9, 0, 6, 3], "texture": "#0"}
			}
		},
		{
			"from": [2, 0.1, 1],
			"to": [14, 12.1, 1],
			"rotation": {"angle": 0, "axis": "y", "origin": [0, 0.1, 0]},
			"faces": {
				"north": {"uv": [0, 3, 3, 6], "texture": "#0"},
				"east": {"uv": [6, 3, 3, 6], "texture": "#0"},
				"south": {"uv": [0, 3, 3, 6], "texture": "#0"},
				"west": {"uv": [3, 3, 6, 6], "texture": "#0"},
				"up": {"uv": [3, 9, 0, 6], "texture": "#0"},
				"down": {"uv": [9, 0, 6, 3], "texture": "#0"}
			}
		},
		{
			"from": [9, 3.1, 15.3],
			"to": [11, 5.1, 21.3],
			"rotation": {"angle": -22.5, "axis": "x", "origin": [0, 0.1, 0]},
			"faces": {
				"north": {"uv": [4.5, 8.5, 5, 9], "texture": "#0"},
				"east": {"uv": [9.5, 3, 8, 3.5], "texture": "#0"},
				"south": {"uv": [8.5, 3.5, 9, 4], "texture": "#0"},
				"west": {"uv": [8, 3, 9.5, 3.5], "texture": "#0"},
				"up": {"uv": [7.5, 9.25, 7, 7.75], "texture": "#0"},
				"down": {"uv": [8.5, 3.5, 8, 5], "texture": "#0"}
			}
		},
		{
			"from": [5, 3.1, 15.3],
			"to": [7, 5.1, 21.3],
			"rotation": {"angle": -22.5, "axis": "x", "origin": [0, 0.1, 0]},
			"faces": {
				"north": {"uv": [3.5, 8.5, 4, 9], "texture": "#0"},
				"east": {"uv": [9.5, 3, 8, 3.5], "texture": "#0"},
				"south": {"uv": [8.5, 3.5, 9, 4], "texture": "#0"},
				"west": {"uv": [8, 3, 9.5, 3.5], "texture": "#0"},
				"up": {"uv": [7.5, 9.25, 7, 7.75], "texture": "#0"},
				"down": {"uv": [8.5, 3.5, 8, 5], "texture": "#0"}
			}
		},
		{
			"from": [5, 4.1, -6],
			"to": [7, 6.1, 1],
			"rotation": {"angle": 0, "axis": "y", "origin": [0, 0.1, 0]},
			"faces": {
				"north": {"uv": [4, 8.5, 4.5, 9], "texture": "#0"},
				"east": {"uv": [8.75, 5.5, 7, 5], "texture": "#0"},
				"south": {"uv": [8.5, 4, 9, 4.5], "texture": "#0"},
				"west": {"uv": [7, 5, 8.75, 5.5], "texture": "#0"},
				"up": {"uv": [6.5, 8.75, 6, 7], "texture": "#0"},
				"down": {"uv": [7, 5.25, 6.5, 7], "texture": "#0"}
			}
		},
		{
			"from": [9, 4.1, -6],
			"to": [11, 6.1, 1],
			"rotation": {"angle": 0, "axis": "y", "origin": [0, 0.1, 0]},
			"faces": {
				"north": {"uv": [4, 8.5, 4.5, 9], "texture": "#0"},
				"east": {"uv": [8.75, 5.5, 7, 5], "texture": "#0"},
				"south": {"uv": [8.5, 4, 9, 4.5], "texture": "#0"},
				"west": {"uv": [7, 5, 8.75, 5.5], "texture": "#0"},
				"up": {"uv": [6.5, 8.75, 6, 7], "texture": "#0"},
				"down": {"uv": [7, 5.25, 6.5, 7], "texture": "#0"}
			}
		},
		{
			"from": [7, 3.1, -4],
			"to": [9, 11.1, 4],
			"rotation": {"angle": -45, "axis": "x", "origin": [0, 0.1, 0]},
			"faces": {
				"north": {"uv": [13.5, 14, 14, 16], "texture": "#0"},
				"east": {"uv": [14, 14, 16, 16], "texture": "#0"},
				"south": {"uv": [13.5, 14, 14, 16], "texture": "#0"},
				"west": {"uv": [14, 14, 16, 16], "texture": "#0"},
				"up": {"uv": [14, 16, 13.5, 14], "texture": "#0"},
				"down": {"uv": [13.5, 14, 14, 16], "texture": "#0"}
			}
		}
	],
	"display": {
		"thirdperson_righthand": {
			"scale": [0.5, 0.5, 0.5]
		},
		"thirdperson_lefthand": {
			"scale": [0.5, 0.5, 0.5]
		},
		"firstperson_righthand": {
			"rotation": [0, 21.75, 0],
			"scale": [0.75, 0.75, 0.75]
		},
		"firstperson_lefthand": {
			"rotation": [0, 21.75, 0],
			"scale": [0.75, 0.75, 0.75]
		},
		"ground": {
			"translation": [0, 2.5, 0],
			"scale": [0.5, 0.5, 0.5]
		},
		"gui": {
			"rotation": [-151, 37.75, -180],
			"translation": [1, 1.25, 0],
			"scale": [0.75, 0.75, 0.75]
		},
		"fixed": {
			"rotation": [-90, 0, 0],
			"translation": [0, 2.75, -15.9],
			"scale": [2, 2, 2]
		}
	}
}