{
	"credit": "Made with Blockbench",
	"textures": {
		"0": "lunareclipse.architect:item/decorations/nature/pebbles",
		"particle": "lunareclipse.architect:item/decorations/nature/pebbles"
	},
	"elements": [
		{
			"from": [-1, 0.5, 7],
			"to": [4, 6.5, 12],
			"rotation": {"angle": 22.5, "axis": "z", "origin": [7, 8.5, 15]},
			"faces": {
				"north": {"uv": [2.5, 13, 5, 16], "texture": "#0"},
				"east": {"uv": [0, 13, 2.5, 16], "texture": "#0"},
				"south": {"uv": [7.5, 13, 10, 16], "texture": "#0"},
				"west": {"uv": [5, 13, 7.5, 16], "texture": "#0"},
				"up": {"uv": [2.5, 10.5, 5, 13], "texture": "#0"},
				"down": {"uv": [2.5, 10.5, 5, 13], "texture": "#0"}
			}
		},
		{
			"from": [8, 0, -1],
			"to": [10, 1, 1],
			"rotation": {"angle": 22.5, "axis": "y", "origin": [13, 8, 4]},
			"faces": {
				"north": {"uv": [6, 15.5, 7, 16], "texture": "#0"},
				"east": {"uv": [4.5, 15.5, 5.5, 16], "texture": "#0"},
				"south": {"uv": [8.5, 15.5, 9.5, 16], "texture": "#0"},
				"west": {"uv": [0, 15.5, 1, 16], "texture": "#0"},
				"up": {"uv": [7, 14, 8, 15], "texture": "#0"},
				"down": {"uv": [0, 0, 2, 2], "texture": "#missing"}
			}
		},
		{
			"from": [10, 0, 12],
			"to": [12, 1, 14],
			"rotation": {"angle": 0, "axis": "y", "origin": [15, 8, 17]},
			"faces": {
				"north": {"uv": [2.5, 15.5, 3.5, 16], "texture": "#0"},
				"east": {"uv": [4.5, 15.5, 5.5, 16], "texture": "#0"},
				"south": {"uv": [8.5, 15.5, 9.5, 16], "texture": "#0"},
				"west": {"uv": [0, 15.5, 1, 16], "texture": "#0"},
				"up": {"uv": [8.5, 14, 9.5, 15], "texture": "#0"},
				"down": {"uv": [0, 0, 2, 2], "texture": "#missing"}
			}
		},
		{
			"from": [6, 0, 6],
			"to": [9, 2, 9],
			"rotation": {"angle": -45, "axis": "y", "origin": [12, 8, 11]},
			"faces": {
				"north": {"uv": [7.5, 15, 9, 16], "texture": "#0"},
				"east": {"uv": [8.5, 15, 10, 16], "texture": "#0"},
				"south": {"uv": [8, 14.5, 9.5, 15.5], "texture": "#0"},
				"west": {"uv": [6, 15, 7.5, 16], "texture": "#0"},
				"up": {"uv": [2.5, 11.5, 4, 13], "texture": "#0"},
				"down": {"uv": [0, 0, 3, 3], "texture": "#0"}
			}
		}
	],
	"display": {
		"gui": {
			"rotation": [42.5, -55.25, 5],
			"translation": [0, 4.75, 0]
		},
		"fixed": {
			"rotation": [-90, 0, 0],
			"translation": [0, 0, -15.5],
			"scale": [2, 2, 2]
		}
	}
}