{
	"credit": "Made with Blockbench",
	"texture_size": [32, 32],
	"textures": {
		"0": "lunareclipse.architect:item/decorations/props/cup",
		"particle": "lunareclipse.architect:item/decorations/props/cup"
	},
	"elements": [
		{
			"from": [7, 0, 6],
			"to": [10, 7, 7],
			"rotation": {"angle": 0, "axis": "y", "origin": [15, 9, 12]},
			"faces": {
				"north": {"uv": [0.5, 12.5, 2, 16], "texture": "#0"},
				"east": {"uv": [8, 3.5, 8.5, 7], "texture": "#0"},
				"south": {"uv": [0.5, 12.5, 2, 16], "texture": "#0"},
				"west": {"uv": [8, 7, 8.5, 10.5], "texture": "#0"},
				"up": {"uv": [2, 13, 0.5, 12.5], "texture": "#0"},
				"down": {"uv": [4.5, 15.5, 3, 16], "texture": "#0"}
			}
		},
		{
			"from": [7, 0, 7],
			"to": [10, 1, 10],
			"rotation": {"angle": 0, "axis": "y", "origin": [14, 8, 16]},
			"faces": {
				"north": {"uv": [0, 0, 1.5, 0.5], "texture": "#missing"},
				"east": {"uv": [0, 0, 1.5, 0.5], "texture": "#missing"},
				"south": {"uv": [0, 0, 1.5, 0.5], "texture": "#missing"},
				"west": {"uv": [0, 0, 1.5, 0.5], "texture": "#missing"},
				"up": {"uv": [3, 14, 4.5, 15.5], "texture": "#0"},
				"down": {"uv": [3, 14, 4.5, 15.5], "texture": "#0"}
			}
		},
		{
			"from": [6, 0, 6],
			"to": [7, 7, 11],
			"rotation": {"angle": 0, "axis": "y", "origin": [14, 9, 16]},
			"faces": {
				"north": {"uv": [2, 12.5, 2.5, 16], "texture": "#0"},
				"east": {"uv": [0, 12.5, 2.5, 16], "texture": "#0"},
				"south": {"uv": [0, 12.5, 0.5, 16], "texture": "#0"},
				"west": {"uv": [0, 12.5, 2.5, 16], "texture": "#0"},
				"up": {"uv": [2.5, 13, 0, 12.5], "rotation": 90, "texture": "#0"},
				"down": {"uv": [3, 13.5, 2.5, 16], "texture": "#0"}
			}
		},
		{
			"from": [10, 0, 6],
			"to": [11, 7, 11],
			"rotation": {"angle": 0, "axis": "y", "origin": [18, 9, 16]},
			"faces": {
				"north": {"uv": [0, 12.5, 0.5, 16], "texture": "#0"},
				"east": {"uv": [0, 12.5, 2.5, 16], "texture": "#0"},
				"south": {"uv": [2, 12.5, 2.5, 16], "texture": "#0"},
				"west": {"uv": [0, 12.5, 2.5, 16], "texture": "#0"},
				"up": {"uv": [2.5, 13, 0, 12.5], "rotation": 90, "texture": "#0"},
				"down": {"uv": [5, 13.5, 4.5, 16], "texture": "#0"}
			}
		},
		{
			"from": [7, 0, 10],
			"to": [10, 7, 11],
			"rotation": {"angle": 0, "axis": "y", "origin": [15, 9, 16]},
			"faces": {
				"north": {"uv": [0.5, 12.5, 2, 16], "texture": "#0"},
				"east": {"uv": [4, 7, 4.5, 10.5], "texture": "#0"},
				"south": {"uv": [0.5, 12.5, 2, 16], "texture": "#0"},
				"west": {"uv": [4.5, 7, 5, 10.5], "texture": "#0"},
				"up": {"uv": [2, 13, 0.5, 12.5], "texture": "#0"},
				"down": {"uv": [4.5, 13.5, 3, 14], "texture": "#0"}
			}
		},
		{
			"from": [8, 0.5, 4],
			"to": [9, 1.5, 6],
			"rotation": {"angle": 0, "axis": "y", "origin": [16, 8.5, 13]},
			"faces": {
				"north": {"uv": [5, 15.5, 5.5, 16], "texture": "#0"},
				"east": {"uv": [6, 15.5, 5, 16], "texture": "#0"},
				"south": {"uv": [9.5, 5.5, 10, 6], "texture": "#0"},
				"west": {"uv": [5, 15.5, 6, 16], "texture": "#0"},
				"up": {"uv": [5.5, 16, 5, 15], "texture": "#0"},
				"down": {"uv": [5.5, 15, 5, 16], "texture": "#0"}
			}
		},
		{
			"from": [8, 5.5, 4],
			"to": [9, 6.5, 6],
			"rotation": {"angle": 0, "axis": "y", "origin": [16, 8.5, 13]},
			"faces": {
				"north": {"uv": [5, 13, 5.5, 13.5], "texture": "#0"},
				"east": {"uv": [6, 13, 5, 13.5], "texture": "#0"},
				"south": {"uv": [9.5, 5.5, 10, 6], "texture": "#0"},
				"west": {"uv": [5, 13, 6, 13.5], "texture": "#0"},
				"up": {"uv": [5, 13.5, 6, 13], "rotation": 90, "texture": "#0"},
				"down": {"uv": [6, 13, 5, 13.5], "rotation": 90, "texture": "#0"}
			}
		},
		{
			"from": [8, 1.5, 4],
			"to": [9, 5.5, 5],
			"rotation": {"angle": 0, "axis": "y", "origin": [16, 11.5, 13]},
			"faces": {
				"north": {"uv": [5, 13.5, 5.5, 15.5], "texture": "#0"},
				"east": {"uv": [5, 13.5, 5.5, 15.5], "texture": "#0"},
				"south": {"uv": [5, 13.5, 5.5, 15.5], "texture": "#0"},
				"west": {"uv": [5, 13.5, 5.5, 15.5], "texture": "#0"},
				"up": {"uv": [10, 4.5, 9.5, 4], "texture": "#0"},
				"down": {"uv": [10, 4.5, 9.5, 5], "texture": "#0"}
			}
		},
		{
			"from": [11.1, 4.9, 5.9],
			"to": [11.1, 6.1, 11.1],
			"faces": {
				"north": {"uv": [2.5, 13, 5, 13.5], "texture": "#0"},
				"east": {"uv": [2.5, 12.5, 5, 13], "texture": "#0"},
				"south": {"uv": [2.5, 13, 5, 13.5], "texture": "#0"},
				"west": {"uv": [2.5, 12.5, 5, 13], "texture": "#0"},
				"up": {"uv": [7.5, 2.5, 5, 0], "texture": "#0"},
				"down": {"uv": [7.5, 2.5, 5, 5], "texture": "#0"}
			}
		},
		{
			"from": [5.9, 4.9, 5.9],
			"to": [5.9, 6.1, 11.1],
			"faces": {
				"north": {"uv": [2.5, 13, 5, 13.5], "texture": "#0"},
				"east": {"uv": [2.5, 12.5, 5, 13], "texture": "#0"},
				"south": {"uv": [2.5, 13, 5, 13.5], "texture": "#0"},
				"west": {"uv": [2.5, 13, 5, 13.5], "texture": "#0"},
				"up": {"uv": [7.5, 2.5, 5, 0], "texture": "#0"},
				"down": {"uv": [7.5, 2.5, 5, 5], "texture": "#0"}
			}
		},
		{
			"from": [5.9, 4.9, 11.1],
			"to": [11.1, 6.1, 11.1],
			"faces": {
				"north": {"uv": [5, 13, 2.5, 13.5], "texture": "#0"},
				"east": {"uv": [2.5, 12.5, 5, 13], "texture": "#0"},
				"south": {"uv": [2.5, 13, 5, 13.5], "texture": "#0"},
				"west": {"uv": [2.5, 12.5, 5, 13], "texture": "#0"},
				"up": {"uv": [7.5, 2.5, 5, 0], "texture": "#0"},
				"down": {"uv": [7.5, 2.5, 5, 5], "texture": "#0"}
			}
		},
		{
			"from": [5.9, 4.9, 5.9],
			"to": [11.1, 6.1, 5.9],
			"faces": {
				"north": {"uv": [5, 12.5, 2.5, 13], "texture": "#0"},
				"east": {"uv": [2.5, 12.5, 5, 13], "texture": "#0"},
				"south": {"uv": [2.5, 13, 5, 13.5], "texture": "#0"},
				"west": {"uv": [2.5, 12.5, 5, 13], "texture": "#0"},
				"up": {"uv": [7.5, 2.5, 5, 0], "texture": "#0"},
				"down": {"uv": [7.5, 2.5, 5, 5], "texture": "#0"}
			}
		},
		{
			"from": [11.1, 0.9, 5.9],
			"to": [11.1, 2.1, 11.1],
			"faces": {
				"north": {"uv": [2.5, 13, 5, 13.5], "texture": "#0"},
				"east": {"uv": [2.5, 13, 5, 13.5], "texture": "#0"},
				"south": {"uv": [2.5, 13, 5, 13.5], "texture": "#0"},
				"west": {"uv": [2.5, 12.5, 5, 13], "texture": "#0"},
				"up": {"uv": [7.5, 2.5, 5, 0], "texture": "#0"},
				"down": {"uv": [7.5, 2.5, 5, 5], "texture": "#0"}
			}
		},
		{
			"from": [5.9, 0.9, 5.9],
			"to": [5.9, 2.1, 11.1],
			"faces": {
				"north": {"uv": [2.5, 13, 5, 13.5], "texture": "#0"},
				"east": {"uv": [2.5, 12.5, 5, 13], "texture": "#0"},
				"south": {"uv": [2.5, 13, 5, 13.5], "texture": "#0"},
				"west": {"uv": [2.5, 12.5, 5, 13], "texture": "#0"},
				"up": {"uv": [7.5, 2.5, 5, 0], "texture": "#0"},
				"down": {"uv": [7.5, 2.5, 5, 5], "texture": "#0"}
			}
		},
		{
			"from": [5.9, 0.9, 11.1],
			"to": [11.1, 2.1, 11.1],
			"faces": {
				"north": {"uv": [5, 13, 2.5, 13.5], "texture": "#0"},
				"east": {"uv": [2.5, 12.5, 5, 13], "texture": "#0"},
				"south": {"uv": [2.5, 12.5, 5, 13], "texture": "#0"},
				"west": {"uv": [2.5, 12.5, 5, 13], "texture": "#0"},
				"up": {"uv": [7.5, 2.5, 5, 0], "texture": "#0"},
				"down": {"uv": [7.5, 2.5, 5, 5], "texture": "#0"}
			}
		},
		{
			"from": [5.9, 0.9, 5.9],
			"to": [11.1, 2.1, 5.9],
			"faces": {
				"north": {"uv": [5, 13, 2.5, 13.5], "texture": "#0"},
				"east": {"uv": [2.5, 12.5, 5, 13], "texture": "#0"},
				"south": {"uv": [2.5, 13, 5, 13.5], "texture": "#0"},
				"west": {"uv": [2.5, 12.5, 5, 13], "texture": "#0"},
				"up": {"uv": [7.5, 2.5, 5, 0], "texture": "#0"},
				"down": {"uv": [7.5, 2.5, 5, 5], "texture": "#0"}
			}
		}
	],
	"display": {
		"thirdperson_righthand": {
			"rotation": [-1, -180, 0],
			"translation": [0, 2.5, -2.25]
		},
		"thirdperson_lefthand": {
			"rotation": [1, -180, 0],
			"translation": [0, 2.5, -2.25]
		},
		"firstperson_righthand": {
			"rotation": [0, -161.5, -5.25],
			"translation": [0.75, 7.5, 0.75]
		},
		"firstperson_lefthand": {
			"rotation": [0, -161.5, -5.25],
			"translation": [0.75, 7.5, 0.75]
		},
		"gui": {
			"rotation": [21, 68, 5],
			"translation": [-0.75, 5.75, 0],
			"scale": [1.5, 1.5, 1.5]
		},
		"fixed": {
			"rotation": [-90, 0, 0],
			"translation": [0, 0, -15.5],
			"scale": [2, 2, 2]
		}
	},
	"groups": [
		{
			"name": "group",
			"origin": [0, 0, 0],
			"color": 0,
			"nbt": "{}",
			"children": [
				{
					"name": "group",
					"origin": [13, 9, 16],
					"color": 0,
					"nbt": "{}",
					"children": [0, 1, 2, 3, 4, 5, 6, 7]
				},
				{
					"name": "group",
					"origin": [0, 0, 0],
					"color": 0,
					"nbt": "{}",
					"children": [8, 9, 10, 11]
				},
				{
					"name": "group",
					"origin": [0, 0, 0],
					"color": 0,
					"nbt": "{}",
					"children": [12, 13, 14, 15]
				}
			]
		}
	]
}