{
	"credit": "Made with Blockbench",
	"texture_size": [32, 32],
	"textures": {
		"0": "lunareclipse.architect:item/decorations/props/bottles",
		"particle": "lunareclipse.architect:item/decorations/props/bottles"
	},
	"elements": [
		{
			"from": [7, 0, 7],
			"to": [10, 6, 10],
			"rotation": {"angle": -22.5, "axis": "y", "origin": [13, 0, -3]},
			"faces": {
				"north": {"uv": [12.5, 11.5, 14, 14.5], "texture": "#0"},
				"east": {"uv": [12.5, 11.5, 14, 14.5], "texture": "#0"},
				"south": {"uv": [12.5, 11.5, 14, 14.5], "texture": "#0"},
				"west": {"uv": [12.5, 11.5, 14, 14.5], "texture": "#0"},
				"up": {"uv": [14, 11.5, 12.5, 10], "texture": "#0"},
				"down": {"uv": [14, 14.5, 12.5, 16], "texture": "#0"}
			}
		},
		{
			"from": [7.5, 6, 7.5],
			"to": [9.5, 10, 9.5],
			"rotation": {"angle": -22.5, "axis": "y", "origin": [13, 0, -3]},
			"faces": {
				"north": {"uv": [11.5, 14, 12.5, 16], "texture": "#0"},
				"east": {"uv": [11.5, 14, 12.5, 16], "texture": "#0"},
				"south": {"uv": [11.5, 14, 12.5, 16], "texture": "#0"},
				"west": {"uv": [11.5, 14, 12.5, 16], "texture": "#0"},
				"up": {"uv": [10.5, 7, 9.5, 6], "texture": "#0"},
				"down": {"uv": [8, 9.5, 7, 10.5], "texture": "#0"}
			}
		},
		{
			"from": [7.4, 8.9, 7.4],
			"to": [9.6, 10.1, 9.6],
			"rotation": {"angle": -22.5, "axis": "y", "origin": [13, 0, -3]},
			"faces": {
				"north": {"uv": [11.5, 13.5, 12.5, 14], "texture": "#0"},
				"east": {"uv": [12.5, 13.5, 11.5, 14], "texture": "#0"},
				"south": {"uv": [11.5, 13.5, 12.5, 14], "texture": "#0"},
				"west": {"uv": [12.5, 13.5, 11.5, 14], "texture": "#0"},
				"up": {"uv": [12.5, 13.5, 11.5, 12.5], "texture": "#0"},
				"down": {"uv": [12.5, 12.5, 11.5, 13.5], "texture": "#0"}
			}
		},
		{
			"from": [10, 0, 7],
			"to": [14, 5, 11],
			"rotation": {"angle": 0, "axis": "y", "origin": [13, 0, -3]},
			"faces": {
				"north": {"uv": [14, 11.5, 16, 14], "texture": "#0"},
				"east": {"uv": [14, 11.5, 16, 14], "texture": "#0"},
				"south": {"uv": [14, 11.5, 16, 14], "texture": "#0"},
				"west": {"uv": [14, 11.5, 16, 14], "texture": "#0"},
				"up": {"uv": [16, 11.5, 14, 9.5], "texture": "#0"},
				"down": {"uv": [16, 14, 14, 16], "texture": "#0"}
			}
		},
		{
			"from": [10.4, 5.9, 7.4],
			"to": [13.6, 7.1, 10.6],
			"rotation": {"angle": 0, "axis": "y", "origin": [13, 0, -3]},
			"faces": {
				"north": {"uv": [10, 14.5, 11.5, 15], "texture": "#0"},
				"east": {"uv": [10, 14.5, 11.5, 15], "texture": "#0"},
				"south": {"uv": [10, 14.5, 11.5, 15], "texture": "#0"},
				"west": {"uv": [10, 14.5, 11.5, 15], "texture": "#0"},
				"up": {"uv": [11.5, 14.5, 10, 13], "texture": "#0"},
				"down": {"uv": [11.5, 13, 10, 14.5], "texture": "#0"}
			}
		},
		{
			"from": [10.5, 5, 7.5],
			"to": [13.5, 7, 10.5],
			"rotation": {"angle": 0, "axis": "y", "origin": [13, 0, -3]},
			"faces": {
				"north": {"uv": [10, 15, 11.5, 16], "texture": "#0"},
				"east": {"uv": [10, 15, 11.5, 16], "texture": "#0"},
				"south": {"uv": [10, 15, 11.5, 16], "texture": "#0"},
				"west": {"uv": [10, 15, 11.5, 16], "texture": "#0"},
				"up": {"uv": [9.5, 8, 8, 6.5], "texture": "#0"},
				"down": {"uv": [7.5, 8, 6, 9.5], "texture": "#0"}
			}
		}
	],
	"gui_light": "front",
	"display": {
		"thirdperson_righthand": {
			"translation": [0, 1.5, 0],
			"scale": [0.5, 0.5, 0.5]
		},
		"thirdperson_lefthand": {
			"translation": [0, 1.5, 0],
			"scale": [0.5, 0.5, 0.5]
		},
		"firstperson_righthand": {
			"rotation": [-18, 0, 18.25],
			"translation": [-2, 5.25, 3],
			"scale": [0.5, 0.5, 0.5]
		},
		"firstperson_lefthand": {
			"rotation": [-18, 0, 18.25],
			"translation": [-2, 5.25, 3],
			"scale": [0.5, 0.5, 0.5]
		},
		"ground": {
			"translation": [0, 6.75, 0]
		},
		"gui": {
			"rotation": [30.96, -32.6, 0.41],
			"translation": [0, 2.75, 0]
		},
		"fixed": {
			"rotation": [-90, 0, 0],
			"translation": [0, 0, -16],
			"scale": [2, 2, 2]
		}
	},
	"groups": [
		{
			"name": "group",
			"origin": [0, 0, 0],
			"color": 0,
			"children": [0, 1, 2]
		},
		{
			"name": "group",
			"origin": [0, 0, 0],
			"color": 0,
			"children": [3, 4, 5]
		},
		{
			"name": "group",
			"origin": [0, 0, 0],
			"color": 0,
			"children": []
		}
	]
}