{
	"credit": "Made by Bret06 using Blockbench",
	"texture_size": [64, 64],
	"textures": {
		"0": "lunareclipse.architect:item/decorations/furniture/taxidermy/deer_head",
		"1": "lunareclipse.architect:item/decorations/furniture/taxidermy/backboard",
		"particle": "lunareclipse.architect:item/decorations/furniture/taxidermy/deer_head"
	},
	"elements": [
		{
			"from": [1, 1, 15],
			"to": [15, 15, 16],
			"faces": {
				"north": {"uv": [7, 1.5, 14, 8.5], "texture": "#1"},
				"east": {"uv": [7, 1.5, 7.5, 8.5], "texture": "#1"},
				"south": {"uv": [7, 1.5, 14, 8.5], "texture": "#1"},
				"west": {"uv": [13.5, 1.5, 14, 8.5], "texture": "#1"},
				"up": {"uv": [14, 2, 7, 1.5], "texture": "#1"},
				"down": {"uv": [14, 8, 7, 8.5], "texture": "#1"}
			}
		},
		{
			"from": [4, 4, 7],
			"to": [12, 12, 15],
			"faces": {
				"north": {"uv": [9.5, 6.25, 11.5, 8.25], "texture": "#0"},
				"east": {"uv": [7.5, 6.25, 9.5, 8.25], "texture": "#0"},
				"south": {"uv": [13.5, 6.25, 15.5, 8.25], "texture": "#0"},
				"west": {"uv": [11.5, 6.25, 13.5, 8.25], "texture": "#0"},
				"up": {"uv": [11.5, 6.25, 9.5, 4.25], "texture": "#0"},
				"down": {"uv": [13.5, 4.25, 11.5, 6.25], "texture": "#0"}
			}
		},
		{
			"from": [6, 4, 1],
			"to": [10, 8, 7],
			"faces": {
				"north": {"uv": [1.75, 1.75, 2.75, 2.75], "texture": "#0"},
				"east": {"uv": [0, 1.75, 1.5, 2.75], "texture": "#0"},
				"south": {"uv": [4.5, 1.75, 5.5, 2.75], "texture": "#0"},
				"west": {"uv": [3, 1.75, 4.5, 2.75], "texture": "#0"},
				"up": {"uv": [2.75, 1.75, 1.75, 0.25], "texture": "#0"},
				"down": {"uv": [3.75, 0, 2.75, 1.75], "texture": "#0"}
			}
		},
		{
			"from": [3, 11, 10],
			"to": [5, 15, 12],
			"faces": {
				"north": {"uv": [5.5, 2.75, 6, 3.75], "texture": "#0"},
				"east": {"uv": [5, 2.75, 5.5, 3.75], "texture": "#0"},
				"south": {"uv": [6.5, 2.75, 7, 3.75], "texture": "#0"},
				"west": {"uv": [6, 2.75, 6.5, 3.75], "texture": "#0"},
				"up": {"uv": [6, 2.75, 5.5, 2.25], "texture": "#0"},
				"down": {"uv": [6.5, 2.25, 6, 2.75], "texture": "#0"}
			}
		},
		{
			"from": [11, 11, 10],
			"to": [13, 15, 12],
			"faces": {
				"north": {"uv": [4.25, 0.5, 4.75, 1.5], "texture": "#0"},
				"east": {"uv": [3.75, 0.5, 4.25, 1.5], "texture": "#0"},
				"south": {"uv": [5.25, 0.5, 5.75, 1.5], "texture": "#0"},
				"west": {"uv": [4.75, 0.5, 5.25, 1.5], "texture": "#0"},
				"up": {"uv": [4.75, 0.5, 4.25, 0], "texture": "#0"},
				"down": {"uv": [5.25, 0, 4.75, 0.5], "texture": "#0"}
			}
		},
		{
			"from": [10, 12, 9],
			"to": [25, 27, 9],
			"rotation": {"angle": -22.5, "axis": "y", "origin": [10, 12, 9]},
			"faces": {
				"north": {"uv": [0, 3.75, 3.75, 7.5], "texture": "#0"},
				"east": {"uv": [0, 3.75, 0, 7.5], "texture": "#0"},
				"south": {"uv": [3.75, 3.75, 7.5, 7.5], "texture": "#0"},
				"west": {"uv": [3.75, 3.75, 3.75, 7.5], "texture": "#0"},
				"up": {"uv": [3.75, 3.75, 0, 3.75], "texture": "#0"},
				"down": {"uv": [7.5, 3.75, 3.75, 3.75], "texture": "#0"}
			}
		},
		{
			"from": [-9, 12, 9],
			"to": [6, 27, 9],
			"shade": false,
			"rotation": {"angle": 22.5, "axis": "y", "origin": [6, 12, 9]},
			"faces": {
				"north": {"uv": [3.75, 3.75, 0, 7.5], "texture": "#0"},
				"east": {"uv": [3.75, 3.75, 3.75, 7.5], "texture": "#0"},
				"south": {"uv": [7.5, 3.75, 3.75, 7.5], "texture": "#0"},
				"west": {"uv": [0, 3.75, 0, 7.5], "texture": "#0"},
				"up": {"uv": [0, 3.75, 3.75, 3.75], "texture": "#0"},
				"down": {"uv": [3.75, 3.75, 7.5, 3.75], "texture": "#0"}
			}
		}
	],
	"display": {
		"thirdperson_righthand": {
			"rotation": [75, 45, 0],
			"translation": [0, 2.5, 0],
			"scale": [0.375, 0.375, 0.375]
		},
		"thirdperson_lefthand": {
			"rotation": [75, 45, 0],
			"translation": [0, 2.5, 0],
			"scale": [0.375, 0.375, 0.375]
		},
		"firstperson_righthand": {
			"rotation": [0, 45, 0],
			"scale": [0.4, 0.4, 0.4]
		},
		"firstperson_lefthand": {
			"rotation": [0, 225, 0],
			"scale": [0.4, 0.4, 0.4]
		},
		"ground": {
			"translation": [0, 3, 0],
			"scale": [0.5, 0.5, 0.5]
		},
		"gui": {
			"rotation": [30, 225, 0],
			"translation": [1.75, -2, 0],
			"scale": [0.75, 0.75, 0.75]
		},
		"fixed": {
			"translation": [0, 0, -16],
			"scale": [2, 2, 2]
		}
	}
}